Id,Predicted_Test_Bench_Time
1,74.73354
2,95.1623
3,96.00006
4,96.34666
5,106.72318
8,93.56046
10,92.16006
11,100.586136
12,115.23584
14,95.66449
15,116.1041
16,103.40573
17,102.33223
19,100.439064
20,105.9834
21,102.4489
22,120.954704
23,101.53304
26,91.143265
28,93.546844
29,101.53304
33,101.53304
35,100.86732
41,104.29963
42,91.3624
43,112.31231
45,97.34951
46,101.587296
51,95.14865
53,95.08243
55,112.11286
56,103.59688
57,106.55628
58,97.36157
59,108.51786
63,99.77555
64,89.170105
65,104.72387
69,98.258224
71,99.813835
72,103.47536
73,96.30091
76,109.52865
77,107.083755
78,112.50147
82,102.63676
83,104.72387
84,92.37956
85,98.25134
87,106.22495
88,104.29963
89,96.80867
91,100.77541
93,101.213104
94,111.33562
95,106.34339
96,118.2879
97,95.17852
98,104.60959
99,93.893585
101,104.475235
103,96.80867
104,94.27358
105,112.85621
110,97.05824
111,106.77841
113,105.06684
114,98.25985
115,100.47298
117,96.80867
120,105.46141
121,105.99957
122,97.0593
123,108.814316
126,90.01116
132,96.2149
135,111.30285
137,96.79723
138,95.7898
140,98.95028
142,110.42817
144,109.23758
148,92.46949
149,108.222824
155,113.47796
156,109.63752
157,95.17852
162,111.263985
163,93.87602
167,100.32372
172,112.31231
179,111.231544
180,107.1828
181,103.49345
182,103.2629
183,96.80867
185,96.80867
187,97.45285
188,99.631035
189,92.8517
191,95.07387
192,113.27564
193,97.11084
194,99.77555
195,104.725685
196,95.32624
198,99.117134
199,112.37125
201,105.28926
204,98.043106
205,103.32211
206,105.11107
210,94.52923
211,104.475235
216,106.45179
219,115.599174
220,90.035934
221,108.888176
226,103.49345
227,100.892624
228,105.91401
230,107.069855
231,95.17852
235,120.17766
236,94.00159
238,105.337395
242,114.014404
243,106.003044
244,89.4013
245,108.34512
247,113.590385
248,97.25057
249,90.12143
250,109.55145
251,94.00159
253,120.17766
254,113.31252
256,103.302
257,97.91733
258,95.54596
259,94.595116
262,97.8463
266,106.96988
267,110.36092
272,95.528694
273,96.80867
275,95.076775
276,111.39596
279,95.33239
280,104.72387
283,92.643684
285,114.34853
288,96.80867
289,116.46975
290,102.74013
291,101.07438
292,110.841774
293,104.520454
296,115.26827
297,107.76435
298,111.74114
299,97.00738
304,92.42333
305,105.12817
306,96.59058
307,102.99299
311,105.53674
313,102.576904
314,94.654854
316,98.93445
324,95.634
327,96.82326
329,94.119064
330,100.875626
337,97.673615
338,92.53916
339,90.28552
340,85.509476
343,92.77036
345,115.639366
346,94.5092
347,113.654915
349,111.152145
350,98.01513
352,103.435875
353,108.01544
354,87.54241
357,100.11614
358,107.99697
362,102.607376
364,85.92908
365,99.94572
366,99.5549
367,101.62469
368,93.94784
370,77.9647
373,105.26347
377,96.245415
378,105.92236
382,109.4898
384,105.849655
390,99.4524
392,114.86893
393,105.38671
395,95.91933
396,101.419014
399,81.87155
406,102.576904
408,102.576904
409,95.10468
410,78.66253
412,107.0569
413,92.19849
419,99.910545
420,110.39311
421,98.53212
430,105.59916
434,96.70877
436,104.87884
437,101.17461
438,89.80415
439,105.87681
440,94.54195
443,105.7131
446,102.9375
448,92.0492
452,93.33152
453,113.068405
457,110.56814
458,100.86312
459,108.853165
460,100.68734
462,114.80115
464,110.44317
465,115.34438
467,113.43786
471,110.330894
472,85.84203
473,97.01923
475,102.9375
480,100.581085
488,96.7122
490,102.99299
491,99.18708
492,90.19249
493,104.18243
497,92.58975
498,119.05686
499,96.13611
500,104.49674
501,102.515366
502,106.7914
506,92.476845
510,105.84976
511,94.190315
512,95.67382
516,95.865456
518,92.14595
519,108.07443
521,99.40868
522,110.13969
526,110.255615
529,107.24316
532,109.830986
533,93.88587
536,107.14376
537,99.63763
539,97.729065
540,101.75714
541,99.60849
543,95.60773
546,105.49859
547,98.23907
548,81.19333
551,101.901634
552,105.55553
556,112.65417
557,90.1097
558,101.62469
559,94.77649
560,106.28797
562,101.60695
566,92.67289
570,119.05686
571,101.17461
572,107.33645
573,97.67002
575,115.34438
576,104.55637
577,101.19646
579,91.8878
580,104.35402
581,99.8228
589,102.99299
591,103.69346
593,96.694984
594,102.83426
595,91.81416
598,101.73527
602,108.78914
604,108.035164
606,108.20905
608,101.18047
609,104.06437
610,95.26213
616,108.75133
617,94.111244
618,107.6398
620,102.00848
622,102.416534
623,94.108154
624,110.87785
626,108.916176
628,109.260445
629,92.20263
630,107.0055
637,91.16874
638,108.31581
643,103.43635
645,100.581085
646,107.697754
648,96.488495
652,92.67289
653,103.39734
654,119.05686
656,109.42173
657,101.29514
659,115.06641
660,112.30471
663,99.60891
664,109.94591
666,107.6973
668,108.814156
669,100.50399
671,98.44652
675,94.185
677,91.57847
678,109.487175
679,105.21704
682,106.02511
685,113.00919
687,90.36769
688,91.94807
693,105.865234
696,101.285194
698,98.14606
701,109.38892
704,113.19388
705,111.19292
709,102.39879
710,106.47554
711,107.29487
712,103.92326
714,114.209076
715,92.81524
716,112.4216
717,90.063736
720,115.56246
721,90.016884
724,110.775475
725,90.55534
726,106.317764
728,97.64452
731,103.45234
734,111.651726
738,97.575935
745,105.78569
746,101.45258
751,79.188
754,92.54568
756,109.26561
758,107.26901
759,96.149956
761,120.54966
766,104.01324
767,105.22649
768,93.17539
769,110.66689
770,99.0712
771,89.55133
772,108.16244
773,101.23546
774,111.37291
776,106.67396
777,101.254745
780,114.16499
782,104.07301
787,107.702324
788,103.11896
792,96.3948
793,101.584236
798,104.85121
800,97.35925
806,112.4216
809,110.97228
811,104.61358
812,101.94325
814,118.694725
816,110.07647
817,93.29883
818,92.107506
820,98.828705
823,100.478195
829,94.15808
830,94.19076
831,96.07979
834,106.38289
839,95.03578
841,92.68574
844,104.05558
845,96.22113
848,90.99146
850,109.00042
851,106.30828
852,101.27073
854,89.87783
855,94.7067
856,92.389656
859,96.90123
861,111.37291
864,107.83467
865,113.1054
866,100.86093
867,93.05725
869,89.20645
871,97.34436
872,112.4216
882,105.264885
883,99.31334
885,91.16067
888,97.09266
893,113.09595
901,106.45503
903,101.43564
904,93.9794
905,102.25259
910,107.16068
911,115.85109
914,107.38507
918,106.38249
921,89.5959
928,101.69713
929,105.0397
932,106.75412
933,105.85421
934,107.16068
935,112.678444
937,79.03675
939,99.56327
940,104.90552
941,101.31671
942,113.2678
943,95.25065
944,108.716064
947,112.4216
949,103.98605
951,108.147285
952,94.830376
953,101.43564
954,92.25381
957,109.18277
959,91.175285
960,113.19264
963,118.694725
965,112.4216
967,108.268265
971,100.09176
972,86.83177
973,96.10297
974,106.197815
975,109.245346
978,105.97771
980,103.085266
981,95.20266
984,110.85448
986,107.16068
988,93.17539
989,110.42121
990,104.62493
992,106.45503
996,98.6704
999,103.555756
1000,108.86684
1001,113.1054
1002,93.17539
1003,106.67396
1004,91.920715
1008,109.10646
1009,104.072716
1010,113.46529
1012,110.56226
1013,97.12305
1014,114.73364
1015,101.75678
1016,116.63468
1019,101.258484
1020,105.2934
1021,107.16068
1022,116.47271
1024,107.16068
1025,91.59781
1027,92.0197
1028,110.34813
1029,110.43607
1030,138.30092
1033,107.509346
1036,98.470345
1037,100.82948
1038,98.71024
1042,99.56327
1043,100.92102
1044,109.2522
1045,109.61688
1047,110.428635
1050,94.79786
1051,112.4216
1054,100.308
1056,95.20266
1057,98.639854
1059,95.10394
1062,98.42208
1063,107.78057
1064,95.20266
1066,98.82683
1070,113.08423
1076,113.85445
1077,101.23938
1078,110.85437
1080,111.534424
1082,110.64598
1083,96.23498
1089,97.666084
1091,96.67409
1093,102.32012
1097,94.72376
1099,100.44453
1101,107.60834
1103,106.67876
1104,118.65837
1106,96.0479
1109,96.26725
1110,111.9043
1111,104.48053
1112,112.69753
1114,95.95389
1116,94.11793
1117,96.4019
1120,108.50137
1124,104.4991
1125,88.578064
1126,113.51667
1134,105.188255
1137,92.77219
1138,108.113846
1144,112.438194
1145,98.38538
1146,93.24093
1148,106.67876
1150,104.277016
1152,103.63701
1153,95.602646
1154,100.751015
1155,98.08334
1157,108.47052
1162,100.61747
1165,110.994064
1166,99.31041
1167,113.284386
1168,110.18681
1169,96.48266
1171,119.36972
1172,88.61147
1173,96.48266
1174,100.57408
1176,91.67836
1177,101.834015
1178,105.332054
1182,107.98696
1186,108.63575
1187,107.01395
1188,89.18974
1189,113.74642
1191,102.09929
1192,99.15823
1197,104.388176
1198,97.44748
1200,92.46894
1201,90.23617
1203,102.7282
1209,115.76768
1214,103.87859
1218,99.9669
1222,94.97552
1226,94.95641
1228,96.689026
1230,95.87317
1232,86.67946
1233,99.15326
1236,114.47382
1238,105.99113
1241,112.438194
1244,103.37651
1246,96.30354
1247,104.14696
1250,105.45535
1251,104.10486
1254,113.92913
1255,107.57355
1256,94.6737
1257,107.37522
1258,98.11713
1259,112.886024
1260,94.22573
1263,109.2161
1267,78.776474
1268,99.844826
1271,98.041565
1272,113.56037
1274,98.43188
1275,100.61747
1276,112.926575
1277,97.68823
1279,93.24093
1281,94.63076
1282,89.18974
1283,106.06541
1285,108.53086
1286,94.67111
1289,106.219215
1296,100.5656
1299,104.277016
1301,102.76716
1306,91.017944
1307,103.81558
1308,95.04272
1313,112.926575
1314,91.75228
1315,111.9043
1316,93.4132
1317,104.04038
1319,95.18479
1323,108.63575
1324,106.11302
1325,105.898384
1328,105.62075
1329,94.39797
1330,107.71061
1331,102.54445
1332,106.39854
1337,97.62066
1338,101.928734
1339,92.48128
1340,111.87201
1343,98.98871
1347,109.059494
1348,110.802
1349,107.14999
1352,96.33481
1354,99.47647
1359,109.653625
1360,115.04513
1363,111.31092
1364,104.2074
1365,106.1258
1366,96.742096
1372,99.233665
1375,99.70665
1376,101.62555
1378,86.66073
1379,111.8613
1380,115.50472
1381,96.11296
1384,115.410355
1387,115.63271
1388,101.79506
1392,84.67831
1394,96.19434
1395,95.40247
1396,111.31092
1398,93.33581
1399,111.31092
1400,100.94349
1401,89.3683
1403,95.38869
1404,109.129074
1406,111.31092
1407,100.28316
1408,124.30279
1410,75.27641
1412,123.88127
1413,91.97908
1415,92.42833
1420,124.30279
1422,106.51739
1423,116.18723
1424,124.30279
1425,105.723335
1426,75.27641
1427,101.618286
1429,96.9218
1430,105.87741
1431,103.98134
1432,107.75907
1434,105.56938
1437,99.20827
1438,101.768616
1440,108.840836
1441,101.78748
1442,102.32048
1444,102.20825
1445,91.88082
1446,105.46665
1448,99.20101
1453,105.16784
1454,123.88127
1455,105.886086
1456,107.755394
1458,123.88127
1459,103.12393
1461,91.83617
1465,115.63271
1466,110.95585
1469,121.643684
1472,105.16784
1474,95.48028
1477,100.72225
1479,95.4042
1482,99.82452
1483,81.56246
1487,90.35006
1488,107.29862
1490,108.65503
1492,107.01885
1494,113.45055
1496,108.2176
1497,91.13916
1499,94.16289
1502,105.16763
1507,109.0878
1508,96.33481
1509,97.2526
1511,97.98607
1512,96.55153
1513,114.22335
1514,104.10022
1518,108.65503
1519,98.22276
1522,107.55836
1524,98.26661
1527,102.32048
1529,92.204475
1532,106.86103
1536,109.943115
1537,116.960556
1539,99.335396
1542,109.34039
1543,101.62555
1544,103.95208
1545,101.72302
1550,101.52714
1551,103.53317
1554,104.82964
1556,105.46665
1559,113.1897
1560,85.93853
1562,96.09671
1566,98.22276
1567,110.813705
1569,107.01424
1570,114.3172
1571,105.16391
1574,96.33481
1578,103.58413
1580,87.11267
1583,96.613045
1584,96.33481
1585,90.351265
1586,108.68034
1587,108.68618
1588,94.9415
1590,116.5664
1592,105.78447
1596,121.96176
1598,89.44933
1599,102.73006
1604,113.91288
1606,105.10652
1607,91.97908
1608,107.76433
1609,119.939995
1611,97.65947
1613,93.776695
1616,97.88422
1619,111.33918
1620,108.22395
1621,108.309204
1622,108.88126
1625,105.049286
1627,119.939995
1629,113.1779
1634,95.32414
1636,102.56839
1638,104.662476
1639,103.68015
1641,101.618286
1643,98.04024
1644,103.01498
1645,118.31645
1646,97.84529
1647,104.82964
1648,97.24142
1652,87.11267
1653,111.12094
1656,92.80877
1658,102.73006
1659,112.189865
1661,96.21485
1663,91.97908
1664,109.27884
1665,98.56616
1666,105.46665
1667,105.82289
1668,91.05043
1669,107.0936
1670,99.183914
1672,110.474915
1674,114.789246
1677,107.29862
1678,95.47161
1679,110.306984
1680,112.29051
1683,103.40535
1686,115.296684
1687,107.38727
1689,107.88552
1690,90.1954
1691,114.78409
1692,109.111725
1693,96.33481
1695,101.53728
1696,105.16784
1697,119.35185
1700,105.46665
1701,94.74041
1702,113.80347
1703,94.4731
1704,110.097664
1706,97.06796
1707,116.325485
1708,100.01345
1710,96.02009
1711,112.09519
1713,108.95557
1717,109.227356
1719,103.58413
1720,96.07346
1722,90.82122
1725,105.494286
1726,97.12371
1727,109.669586
1729,107.34898
1730,88.77247
1731,101.9885
1733,105.46665
1734,95.11257
1735,106.51739
1738,93.776695
1742,100.42487
1745,114.789246
1747,92.410645
1749,102.87784
1751,100.79109
1752,94.69252
1753,80.714226
1754,97.80592
1755,92.874954
1756,107.8965
1758,107.735825
1759,100.97079
1760,108.47556
1761,99.51658
1762,100.214264
1763,111.685875
1764,79.75504
1766,99.158936
1768,103.130615
1769,81.82667
1771,106.86462
1772,95.415474
1773,108.85352
1774,116.239944
1775,109.649155
1777,112.5211
1779,100.97079
1780,109.810875
1787,99.157486
1788,90.52339
1790,95.085464
1796,110.587265
1801,95.61831
1803,91.86038
1807,109.74213
1809,103.68207
1812,104.52136
1813,114.93482
1814,96.04746
1815,98.74669
1816,100.10292
1818,98.09994
1820,95.08405
1821,106.19122
1822,94.63908
1825,106.556595
1826,111.717896
1828,105.742744
1831,105.00789
1836,110.29048
1837,110.880264
1841,96.38177
1844,101.76138
1848,97.35378
1851,89.976456
1852,100.92457
1853,102.042625
1854,103.172066
1856,102.37274
1859,102.480354
1860,101.39981
1861,93.45955
1863,114.937256
1865,103.06484
1866,86.58584
1867,96.37605
1868,94.85264
1872,105.14058
1879,98.794556
1880,95.81793
1882,108.147194
1885,104.202965
1887,91.79809
1888,96.66218
1890,87.10484
1894,93.40611
1895,77.916405
1896,108.50798
1897,107.603836
1900,112.6039
1901,108.86591
1902,112.336136
1905,101.14213
1906,106.17405
1912,102.09922
1915,99.67203
1916,108.67356
1917,102.62612
1918,111.35794
1920,94.50861
1923,105.757126
1924,112.77808
1925,99.6317
1930,119.72085
1932,114.62969
1933,103.593506
1934,109.83577
1935,110.1116
1940,75.27641
1941,99.712234
1942,103.24607
1943,112.05252
1944,95.65842
1945,90.58152
1948,118.9084
1949,94.08866
1952,111.21431
1954,96.9417
1955,123.85534
1958,93.22407
1959,88.41697
1960,111.685875
1963,97.40546
1965,94.933136
1968,96.41543
1969,104.984406
1971,93.05616
1972,109.02201
1973,97.92729
1975,106.5186
1977,94.07092
1978,101.80398
1979,107.2093
1981,106.5186
1982,106.26854
1987,109.050835
1988,97.33505
1993,112.3627
1997,101.56767
1999,99.3113
2001,91.35559
2002,116.33878
2003,97.84926
2004,95.48496
2006,106.165794
2007,99.21053
2009,108.47556
2010,90.28318
2013,97.24672
2018,95.36418
2022,108.69871
2024,111.732704
2025,90.648926
2026,109.91829
2030,110.55419
2031,100.512634
2032,102.09922
2033,96.63995
2035,98.35461
2036,102.98693
2037,94.0156
2040,92.781364
2043,102.413
2044,112.29309
2046,106.694
2054,110.90983
2055,104.94175
2056,109.810875
2059,95.528694
2060,108.86591
2062,101.35849
2063,99.08815
2066,93.40611
2067,108.5245
2072,101.54874
2073,99.891945
2074,114.76258
2075,103.66017
2076,103.69141
2080,92.03092
2082,108.86591
2085,91.50148
2087,99.381226
2091,110.44086
2092,97.98888
2093,109.810875
2098,98.40387
2101,111.685875
2102,99.45285
2103,75.27641
2105,86.10193
2106,100.5664
2107,99.06931
2110,92.664154
2114,101.95801
2115,103.24607
2117,94.15555
2118,105.03181
2119,110.04818
2120,100.31331
2122,112.920044
2123,112.384094
2126,93.05616
2127,97.6311
2128,95.307846
2129,115.813965
2132,99.3178
2135,103.02827
2138,95.00379
2139,119.72085
2141,102.534294
2142,96.28372
2146,90.17915
2151,109.3043
2157,105.18316
2159,113.028076
2162,106.57037
2164,122.54689
2167,93.24126
2168,106.6632
2171,97.04538
2173,94.487564
2174,99.38924
2175,106.410614
2178,103.490486
2180,95.804306
2185,105.702034
2189,89.738846
2190,112.275345
2192,104.58687
2194,110.46501
2200,117.564384
2201,92.35275
2203,112.68694
2204,92.257095
2205,110.79275
2209,113.58483
2213,111.427315
2214,106.93407
2215,108.090904
2216,93.539734
2218,93.136536
2219,108.31835
2220,95.17389
2222,100.7746
2223,99.66568
2225,112.28472
2226,109.99079
2230,95.27939
2233,115.155914
2234,111.21518
2235,92.257095
2236,102.05168
2237,88.92078
2240,111.51641
2241,101.878815
2248,103.247284
2249,94.81947
2250,98.25381
2252,105.64417
2253,96.88304
2254,102.104614
2256,87.90711
2258,86.06408
2259,111.15574
2262,97.65626
2265,104.62513
2266,103.14224
2269,97.95207
2271,93.77379
2273,98.14714
2274,104.431564
2275,92.490234
2277,104.963844
2279,92.257095
2280,85.599945
2282,95.804306
2283,100.88757
2288,89.29499
2289,106.21714
2291,99.09335
2292,121.6513
2297,94.979164
2298,114.66455
2299,91.960785
2300,107.11279
2301,94.37177
2304,100.73722
2305,93.125755
2306,97.65626
2308,91.680115
2309,98.417564
2311,103.819695
2312,101.41558
2316,100.701584
2321,110.4006
2322,105.69524
2325,109.33507
2326,95.14631
2329,121.6513
2330,104.81258
2331,109.19203
2332,107.32532
2333,97.65626
2334,105.926895
2335,114.5521
2337,100.36827
2338,93.95565
2340,107.32532
2342,97.295876
2345,104.22189
2349,97.1999
2351,78.59228
2352,96.89287
2354,111.82888
2355,100.5338
2357,112.28472
2358,92.91882
2360,100.37268
2361,111.82888
2364,104.23717
2366,116.287766
2369,109.37048
2370,120.4179
2371,111.93034
2373,108.95036
2374,104.86578
2376,107.303856
2378,103.64591
2382,98.27457
2383,91.238266
2386,112.990265
2387,94.783844
2389,105.577194
2390,111.19576
2392,95.353386
2398,107.32532
2399,93.9514
2400,96.81504
2401,113.299644
2402,101.768005
2404,143.79228
2407,105.68876
2408,96.844536
2409,98.34752
2412,91.08542
2413,109.68933
2415,93.98434
2420,111.23469
2422,96.92762
2423,103.76627
2426,98.23994
2432,109.61178
2434,82.91969
2435,104.47256
2436,108.171326
2438,104.86724
2440,104.988914
2443,97.69415
2444,104.637276
2447,103.247284
2450,90.12364
2454,98.8328
2455,110.160126
2459,97.65626
2460,114.03782
2463,96.91228
2465,105.97487
2468,77.03883
2469,91.0253
2474,89.296425
2478,103.03542
2480,108.68973
2481,111.51641
2489,95.804306
2490,101.205124
2492,105.45167
2496,97.65626
2497,101.23564
2500,94.20348
2505,100.17278
2507,95.769485
2508,110.79275
2509,96.74056
2510,96.726944
2513,100.24423
2515,95.804306
2518,91.238266
2519,112.743774
2520,91.238266
2521,113.807594
2523,105.28429
2525,91.12002
2529,110.66749
2530,91.12096
2533,104.73498
2535,94.518005
2538,90.626015
2544,110.93753
2553,109.27964
2556,93.66116
2558,92.820435
2559,104.11588
2560,104.67458
2561,108.68505
2562,98.004234
2563,113.89459
2564,85.13828
2565,108.17465
2567,111.372375
2572,104.31678
2575,94.49832
2576,112.47629
2577,89.9959
2578,116.41317
2579,111.72743
2580,101.727684
2582,105.170784
2583,103.53933
2587,94.32053
2589,110.95232
2590,99.963066
2591,110.66749
2594,108.39394
2597,115.44292
2598,100.09276
2599,99.477585
2600,103.0878
2602,99.67442
2603,104.31678
2604,102.27833
2606,111.094666
2607,94.96546
2608,101.15775
2613,109.05071
2614,103.6492
2615,106.54941
2617,106.980125
2620,108.02041
2623,105.307785
2624,97.5534
2627,109.05071
2629,94.96546
2630,104.10482
2632,98.0614
2636,95.69896
2639,105.81066
2640,116.29758
2642,110.66749
2644,102.77717
2646,111.84331
2647,94.295456
2649,92.82634
2650,102.57673
2652,102.77717
2653,98.50215
2655,109.993256
2657,109.49292
2659,109.97039
2662,90.378914
2663,113.64567
2664,106.47462
2665,101.53526
2670,100.3224
2671,110.63159
2672,96.85681
2675,102.77717
2677,122.64771
2679,104.104065
2683,104.034355
2684,104.56426
2685,97.55064
2688,106.480606
2689,113.11566
2690,111.814804
2693,99.80417
2694,115.30947
2697,109.46584
2699,93.152725
2703,106.332275
2705,106.60457
2709,98.541084
2710,97.449905
2711,107.96327
2712,117.29107
2713,96.108284
2714,92.98847
2715,89.61837
2717,100.44874
2718,87.7651
2720,120.072914
2721,96.75413
2726,99.628105
2728,107.47128
2731,100.85914
2732,121.32112
2734,92.16025
2736,97.546074
2737,114.38446
2738,102.14773
2739,129.98239
2746,94.90461
2749,102.57673
2751,116.24258
2752,110.554886
2753,99.138275
2757,108.2627
2758,96.00525
2759,118.002464
2760,98.51408
2762,104.2807
2764,97.05163
2765,113.02417
2769,107.845474
2771,105.67953
2774,102.379005
2776,97.62057
2777,104.59993
2778,107.75691
2779,106.956894
2782,103.20258
2784,100.023834
2787,104.59865
2789,96.80797
2792,93.70092
2798,95.52051
2799,100.9139
2800,94.88456
2801,97.3696
2802,101.76708
2804,108.72391
2807,105.89507
2808,112.83068
2809,108.12278
2811,121.18834
2812,105.82804
2814,104.11096
2816,97.07627
2817,106.00611
2818,95.92044
2820,106.747894
2821,105.32788
2822,94.99543
2823,103.9206
2824,93.477974
2826,89.79887
2829,112.84827
2834,102.3758
2835,95.41237
2838,97.57307
2839,114.08055
2840,96.59434
2841,111.65177
2842,97.71639
2846,112.13432
2848,98.7063
2849,96.40739
2850,92.98847
2851,116.92182
2853,98.278694
2854,110.66749
2858,102.79115
2861,115.85316
2864,106.84899
2865,113.64567
2866,104.55401
2867,102.53123
2868,110.08523
2870,119.66614
2877,102.193436
2878,109.05071
2880,110.05348
2882,87.55845
2883,98.28115
2884,110.74708
2885,100.00728
2887,96.35152
2888,84.55494
2889,94.613144
2890,103.64606
2891,103.56427
2892,118.77587
2893,107.37722
2898,108.92962
2899,98.84997
2900,115.08198
2901,100.44874
2909,111.006805
2910,112.10762
2911,100.41712
2913,97.41154
2914,102.73645
2918,107.292435
2919,108.07113
2920,92.466446
2921,109.05071
2922,109.47054
2923,103.16439
2925,111.12665
2926,102.53123
2927,110.97796
2929,108.57859
2933,86.91193
2934,103.08153
2936,109.10569
2941,101.940765
2942,96.52799
2943,105.83462
2945,112.38342
2950,92.65366
2951,107.97295
2953,109.03827
2954,96.6564
2955,111.631996
2956,94.70089
2960,101.60781
2962,85.88479
2963,107.17232
2964,106.137436
2966,82.66459
2967,96.94864
2968,103.97705
2969,105.52341
2971,92.20235
2972,114.27182
2974,95.18508
2975,97.18287
2977,115.61265
2980,104.195656
2981,95.32224
2983,96.62219
2984,111.94738
2985,123.18195
2986,104.015114
2987,114.27182
2989,103.35406
2990,104.134796
2991,108.4975
2992,82.069786
2995,100.76657
2996,97.98371
3002,111.3608
3004,103.36679
3005,124.67459
3006,97.13276
3010,99.62911
3011,103.007
3014,99.41854
3015,96.30052
3016,106.38292
3017,98.388626
3018,95.195274
3021,105.034035
3024,104.74433
3028,97.694786
3030,110.834175
3032,96.683716
3039,106.444214
3040,107.5389
3041,94.8127
3043,101.14413
3044,108.26091
3046,110.47113
3055,93.91824
3056,115.97384
3058,99.26314
3059,104.370514
3061,118.63043
3063,100.51584
3066,98.42074
3067,104.74433
3068,93.73591
3069,100.09287
3072,121.79899
3073,106.20183
3074,93.92939
3077,90.69463
3082,100.834274
3084,100.76657
3085,88.56234
3088,106.137436
3091,92.55688
3092,109.66172
3093,95.86263
3094,103.7813
3096,116.22708
3097,86.960976
3098,82.469925
3102,116.525925
3106,99.522255
3109,103.028984
3111,102.16626
3112,124.67459
3113,98.624535
3115,96.50567
3116,105.90503
3117,112.14503
3121,94.27648
3122,97.0365
3123,97.25701
3124,101.83013
3125,106.38292
3126,104.33061
3127,116.64465
3129,94.83631
3130,112.56467
3132,108.5306
3134,104.40998
3135,89.298065
3137,90.52506
3138,101.90846
3140,118.06236
3144,110.74956
3145,100.06151
3146,107.01276
3147,95.32885
3148,107.401024
3149,108.88411
3150,110.8808
3151,103.06008
3152,98.930595
3155,96.994606
3156,92.167984
3159,94.262726
3161,126.61497
3162,106.09414
3163,103.7469
3165,103.69359
3172,104.070305
3173,114.979485
3176,99.989235
3177,95.59118
3179,97.18287
3183,94.13345
3186,96.59285
3187,105.22493
3189,90.76171
3190,97.04515
3192,116.64465
3193,104.070305
3194,111.19461
3197,126.54296
3198,100.5434
3200,98.91389
3201,119.951805
3202,100.5434
3204,98.77926
3205,95.55494
3206,106.32778
3208,107.38003
3210,106.678345
3211,95.84779
3212,118.63043
3213,94.861374
3214,105.73875
3216,106.137436
3219,91.341736
3220,102.23088
3221,98.624535
3226,100.975204
3227,95.68332
3228,98.15918
3229,96.739265
3232,76.759865
3233,93.459984
3234,102.28847
3236,104.38119
3238,113.010956
3239,90.25174
3240,100.35259
3247,104.18971
3249,98.287994
3252,108.72641
3253,94.442635
3254,101.00468
3255,104.62237
3256,106.82813
3257,96.21942
3262,101.70707
3263,106.137436
3264,94.70089
3266,104.52169
3267,104.53759
3269,92.355736
3272,123.18195
3274,126.54296
3275,94.17811
3277,93.851204
3279,96.67026
3280,114.496086
3283,94.9913
3285,94.8275
3287,107.89148
3288,104.74433
3290,109.0164
3291,91.425835
3298,110.920456
3299,100.43953
3302,112.19589
3303,94.05121
3304,101.61017
3307,94.834045
3309,109.49645
3314,87.7877
3316,109.56436
3317,100.09653
3319,98.845726
3320,103.34677
3321,93.22447
3322,107.21049
3324,99.13431
3326,107.81675
3329,105.07316
3330,84.59083
3331,103.34677
3335,118.19093
3337,98.45582
3338,103.29669
3339,89.83035
3340,110.166794
3341,102.301056
3343,93.20666
3346,96.57347
3348,95.024315
3351,102.20221
3352,119.7013
3355,94.94786
3356,112.5813
3358,98.45272
3359,101.32973
3360,108.945564
3371,104.288025
3372,94.725945
3374,105.27632
3377,105.624245
3378,90.46479
3380,108.57954
3382,114.29301
3386,104.185326
3389,95.94232
3391,104.3861
3393,105.79626
3394,108.362144
3395,94.851814
3397,109.86839
3398,93.4852
3399,97.338196
3400,95.96851
3404,112.806526
3407,105.24167
3409,109.97597
3419,95.80733
3421,103.73693
3425,98.11781
3427,99.69388
3428,120.176895
3429,107.09956
3431,94.62431
3435,96.94653
3436,101.04031
3439,97.67525
3441,97.93697
3442,120.176895
3443,100.590416
3444,103.551956
3445,105.18939
3446,109.03934
3449,110.50582
3453,97.99946
3457,95.17022
3460,102.20221
3461,102.253174
3462,108.87583
3464,101.06528
3465,92.67754
3466,97.30615
3467,96.6518
3468,94.18193
3469,102.04259
3470,99.855774
3472,112.30436
3473,118.23535
3475,97.010704
3476,107.81295
3478,112.567
3479,111.148735
3483,93.34133
3484,105.2388
3485,95.13038
3487,95.897575
3488,104.60369
3496,112.519516
3497,92.65381
3499,104.31434
3500,83.01134
3501,97.57314
3504,96.1831
3508,101.98915
3511,95.08496
3512,95.77828
3515,92.687836
3517,105.45051
3518,103.636
3526,114.80086
3528,96.09153
3529,101.26524
3530,101.2523
3531,106.651276
3532,117.26222
3533,102.75648
3534,93.707115
3535,88.611984
3536,98.98037
3537,105.76607
3538,91.01593
3539,100.56519
3540,106.22039
3545,107.37105
3546,107.15109
3550,111.4507
3551,98.39907
3553,87.81203
3554,102.20221
3557,89.2982
3558,105.7661
3559,110.50582
3561,92.043655
3562,109.86839
3563,95.53738
3564,102.20221
3565,105.18939
3567,97.46544
3571,102.20221
3572,100.02934
3574,116.42294
3576,108.92236
3577,105.24882
3578,97.57314
3579,109.78477
3583,97.085556
3585,124.34034
3586,106.532196
3587,107.94706
3593,97.19453
3594,96.099335
3595,115.77601
3599,90.32445
3600,104.73985
3601,112.30436
3602,110.50582
3604,94.51951
3609,124.195045
3610,101.53762
3612,91.032936
3614,96.629845
3615,106.28999
3617,101.48884
3618,108.44114
3619,104.61111
3620,103.23229
3621,107.18045
3625,105.779076
3626,103.78938
3630,106.33482
3631,102.37501
3632,109.12132
3633,92.760475
3634,110.061295
3637,96.86641
3639,96.21045
3640,109.08797
3641,91.18768
3644,119.04564
3645,111.67454
3646,102.3415
3647,91.952385
3648,111.68269
3653,104.58073
3654,94.35705
3655,100.481255
3659,102.79175
3660,96.41291
3662,106.43881
3666,95.45829
3668,103.660225
3671,114.53247
3673,100.356346
3674,109.78279
3675,96.84329
3681,102.25321
3682,108.69367
3686,108.028145
3687,96.67817
3692,99.96463
3695,101.67535
3696,104.90252
3699,108.950714
3705,106.24018
3707,75.72599
3708,95.22427
3709,107.104195
3710,108.94147
3712,102.48283
3715,104.908966
3716,109.78477
3720,96.71417
3722,75.72599
3726,101.89401
3728,120.680504
3729,111.86073
3731,108.015396
3735,107.13015
3736,105.28504
3739,105.93408
3741,117.88216
3743,108.962296
3744,94.11585
3745,111.31758
3746,100.98492
3751,95.40633
3753,103.15552
3760,104.41438
3761,95.94642
3762,113.610146
3763,98.04272
3765,96.757095
3768,111.940636
3769,103.64796
3770,92.447296
3773,112.315704
3774,95.44677
3776,98.797066
3778,100.83878
3779,106.52701
3780,94.97487
3781,112.43168
3782,100.535446
3783,113.49159
3784,92.37496
3786,99.16952
3789,92.43875
3790,98.662704
3793,106.06562
3795,107.33216
3797,99.63876
3798,122.19392
3800,103.22547
3804,98.17386
3810,93.14757
3815,107.963684
3816,98.17386
3818,107.15669
3824,114.34269
3828,108.19399
3830,104.87822
3831,104.42025
3832,94.396774
3834,108.682
3835,90.51851
3836,98.02542
3838,92.049644
3839,116.330574
3840,104.58646
3845,95.45721
3846,105.90944
3847,97.853935
3849,92.411736
3853,113.64514
3855,114.445274
3856,98.15086
3864,97.75317
3865,96.90288
3866,110.208984
3867,113.339554
3868,103.22547
3869,94.23635
3871,99.23682
3875,97.05039
3876,109.77166
3878,99.29119
3879,112.555824
3881,103.22547
3883,110.74931
3884,112.76994
3886,110.08641
3890,89.0585
3893,104.77494
3897,101.92593
3901,93.662544
3902,108.58645
3913,96.91952
3914,88.510635
3916,92.728386
3917,106.66414
3924,90.88662
3925,92.20961
3928,88.97804
3929,108.73257
3932,93.202576
3933,104.475235
3934,97.7558
3935,109.89282
3936,96.47686
3937,106.44725
3938,90.39307
3939,99.34709
3943,100.88012
3944,113.424324
3945,109.47293
3946,100.560394
3947,110.931114
3948,94.89212
3949,113.424324
3950,93.16035
3951,98.169014
3952,92.92015
3953,103.7679
3961,113.29206
3962,95.219444
3966,95.27545
3967,108.18691
3968,104.80296
3969,108.30188
3970,91.43671
3971,102.22804
3973,98.928276
3974,112.08065
3975,110.352356
3977,98.81689
3979,109.21873
3985,98.75003
3986,104.45625
3988,99.34709
3991,91.950485
3992,101.112915
3993,111.41701
3994,103.50232
3995,107.90829
4005,107.62147
4007,102.41101
4008,100.44301
4009,100.88196
4010,114.011894
4011,92.99197
4012,95.566154
4013,92.974724
4015,97.656334
4016,108.44312
4018,96.91417
4025,94.80607
4026,96.333466
4028,112.45421
4029,94.06017
4031,96.75693
4032,106.39705
4033,105.44145
4034,107.28996
4037,98.10604
4038,101.89799
4039,93.54098
4041,94.75971
4042,98.02702
4043,99.2247
4044,104.475235
4045,98.55404
4046,108.81616
4047,94.19132
4048,104.36523
4049,104.89391
4051,99.134544
4052,112.13514
4058,102.16801
4062,107.26846
4064,110.31082
4067,104.96259
4068,89.07793
4070,91.2021
4072,115.72218
4074,110.24722
4075,95.85792
4076,107.64019
4077,92.33268
4078,98.17923
4080,104.475235
4082,109.756424
4085,96.94687
4086,113.684326
4088,96.333466
4089,100.89062
4092,88.35146
4094,115.04362
4095,109.519035
4096,100.572075
4097,110.47282
4102,97.34441
4105,123.00644
4107,101.32095
4111,99.687355
4112,110.45736
4113,94.25576
4114,96.69338
4115,88.54755
4116,117.99564
4117,90.6063
4118,97.04056
4119,105.80302
4120,96.4552
4122,80.98528
4125,92.85241
4126,110.12708
4129,105.85224
4134,100.999374
4137,94.77135
4141,113.24551
4142,94.28188
4144,91.5615
4145,90.88662
4146,96.47602
4150,101.35889
4151,94.9443
4154,104.96259
4156,96.68858
4157,98.61603
4159,108.44312
4160,90.1718
4161,111.301994
4168,97.85245
4171,99.66436
4172,97.15965
4173,94.4767
4175,93.26953
4176,104.475235
4177,91.5615
4178,104.72805
4179,107.079056
4181,109.93983
4183,94.06017
4184,108.03019
4185,92.75101
4186,108.13914
4188,110.450584
4190,113.03214
4192,92.28724
4193,103.700874
4194,113.497574
4195,110.30038
4196,99.88939
4202,92.66743
4203,108.13844
4208,94.107994
4209,107.05726
4210,112.59091
4211,110.51736
4212,122.88705
4214,108.50329
4215,99.68372
4216,101.7016
4217,98.83295
4219,102.79808
4222,106.44725
4224,93.37596
4231,108.971794
4232,94.06017
4234,113.22213
4236,91.5615
4237,102.16801
4240,92.9238
4242,92.56835
4243,93.94157
4247,93.019875
4248,106.69749
4249,112.53148
4254,101.91119
4263,95.736595
4265,116.2864
4267,97.68126
4268,108.45071
4271,109.63303
4272,98.61614
4273,102.04643
4274,87.80159
4276,93.040985
4278,94.406654
4280,95.17207
4281,105.149284
4283,100.64006
4284,108.99624
4285,105.66173
4286,108.042656
4287,94.76208
4288,106.73221
4289,95.69162
4290,93.93129
4293,93.61739
4296,109.39393
4297,95.246895
4299,115.10104
4303,101.78274
4310,105.5274
4312,108.48996
4318,102.16801
4320,91.65888
4322,105.314514
4323,108.07804
4325,108.91476
4326,106.97359
4328,111.894295
4330,107.29402
4332,91.944
4333,100.74719
4335,98.30936
4336,100.08753
4338,90.23945
4341,94.183815
4342,89.79973
4344,102.61307
4347,90.259224
4348,104.475235
4351,108.96474
4352,105.38505
4353,92.556366
4355,102.36488
4356,97.91053
4359,105.7494
4360,98.63683
4361,93.59544
4364,95.69736
4365,101.39741
4368,91.391335
4372,93.84616
4374,97.336235
4376,93.95508
4377,110.3193
4380,95.21134
4383,105.52872
4384,94.20871
4385,108.83549
4389,100.262344
4391,108.06387
4392,109.296715
4393,88.95112
4395,94.40342
4396,110.22986
4398,105.91949
4399,101.449455
4401,92.54122
4406,109.37381
4408,108.6428
4412,104.475235
4415,97.57674
4418,109.096535
4419,97.336235
4420,95.37839
4422,112.69702
4423,97.336235
4425,95.87092
4428,95.00739
4431,105.02642
4434,107.60263
4436,105.18465
4437,92.272354
4439,117.33933
4440,93.14351
4441,108.1397
4444,101.985085
4445,109.40479
4446,99.016495
4447,108.18393
4452,110.49589
4456,99.46119
4457,95.62235
4458,97.98785
4460,97.91053
4461,116.8914
4462,99.57783
4465,98.930595
4466,110.64667
4468,93.89048
4469,112.14878
4472,102.08551
4475,95.41886
4478,95.654076
4479,109.26203
4480,94.93351
4483,94.25923
4484,92.44156
4485,107.825966
4486,89.5878
4488,99.61661
4489,107.15289
4490,94.563
4491,107.537544
4492,97.06043
4493,103.17865
4494,95.582245
4495,100.91575
4498,93.56941
4499,96.73529
4500,100.14105
4503,108.64406
4505,101.24732
4506,96.925255
4507,89.77064
4508,102.16801
4510,108.75942
4511,94.50091
4513,89.5878
4516,78.52631
4519,91.66564
4521,96.752686
4531,91.681274
4532,90.10682
4533,108.60806
4534,108.557076
4536,102.16801
4537,95.62235
4539,93.11994
4542,104.68725
4545,97.83274
4549,92.31594
4551,100.62184
4554,115.8981
4556,88.38835
4559,107.17572
4561,106.93645
4562,108.10251
4566,114.101364
4569,92.98937
4570,110.22986
4573,94.53275
4574,100.185616
4575,107.100334
4577,99.74776
4578,106.631195
4580,103.21938
4582,108.413635
4583,112.69702
4585,96.88525
4587,102.16801
4595,93.045135
4596,98.77
4601,97.74544
4602,103.089874
4603,92.46898
4605,110.512436
4606,107.04497
4607,105.934654
4608,101.89032
4610,93.36493
4613,109.43541
4617,103.47533
4618,101.15015
4619,89.65456
4620,95.85863
4622,92.84094
4625,97.91053
4626,102.16801
4627,95.414925
4629,95.36841
4631,93.55854
4633,102.16801
4634,100.50532
4635,93.90672
4639,102.53626
4640,103.32436
4642,107.860535
4644,103.633484
4646,102.16801
4647,101.48471
4648,75.06224
4649,92.51412
4650,110.61643
4655,92.31594
4660,93.62563
4661,118.68688
4662,98.28959
4663,107.94991
4665,90.88841
4666,107.720375
4667,107.318474
4668,97.21939
4670,101.67118
4671,113.42359
4672,103.20028
4673,108.101074
4675,106.59468
4676,95.62898
4677,110.29497
4680,92.32739
4682,93.79644
4683,101.51486
4685,104.475235
4686,99.75677
4688,112.6425
4690,114.17036
4692,107.46815
4693,97.1839
4697,86.05792
4700,104.24555
4702,107.64226
4707,119.41562
4708,92.76327
4710,97.46538
4716,109.66628
4717,96.85919
4718,91.30219
4720,94.72964
4721,86.456764
4723,95.49651
4726,106.5944
4727,96.64771
4729,94.83399
4731,98.021866
4732,111.129974
4735,108.32434
4736,110.04669
4737,102.52481
4738,107.56527
4739,103.94344
4744,102.58202
4747,90.66791
4749,104.27444
4750,92.76327
4752,112.47882
4755,105.485634
4756,112.84171
4757,106.69715
4758,95.41335
4759,104.49156
4763,99.76572
4764,106.11521
4765,99.981834
4766,90.03908
4767,105.1963
4769,117.641975
4770,103.58079
4771,94.719215
4772,101.21863
4774,110.83649
4776,109.78565
4777,110.81807
4778,104.78728
4780,89.68612
4784,88.19285
4786,101.11417
4787,89.403694
4788,106.32575
4789,112.47882
4791,103.75863
4792,91.840996
4795,99.32144
4796,90.58873
4803,99.67884
4805,93.736626
4807,91.547676
4809,93.64567
4816,93.59379
4817,93.854126
4818,94.35349
4820,91.77931
4821,100.89884
4823,104.113014
4824,110.89861
4825,111.41046
4829,102.97396
4830,94.81417
4831,102.15222
4833,86.70034
4836,92.967926
4837,112.6425
4838,100.784256
4840,111.466225
4841,75.32048
4842,94.95427
4843,107.53839
4844,106.218636
4849,119.39119
4851,97.921814
4852,97.76785
4858,100.05293
4860,94.81417
4863,95.44101
4864,94.70664
4865,110.99451
4867,105.14927
4868,96.95777
4869,110.137596
4873,91.952415
4875,106.88081
4876,112.056145
4877,91.54889
4878,101.81044
4880,88.38037
4886,112.48869
4888,102.58202
4889,93.994156
4890,111.24385
4893,106.2916
4895,108.14334
4896,95.5196
4899,110.67127
4901,113.33559
4902,108.157394
4903,93.15806
4904,112.47882
4910,100.37959
4912,91.56938
4915,109.73775
4916,121.4309
4917,112.836105
4920,101.21863
4927,107.129135
4928,94.40133
4931,104.71443
4934,96.586494
4936,96.28871
4939,107.467674
4942,108.691055
4943,98.25296
4944,103.97475
4945,98.889
4947,101.81044
4948,96.89502
4951,97.32149
4952,112.47882
4953,109.07921
4956,93.15806
4957,111.97024
4958,103.17072
4960,97.62712
4968,99.761215
4969,120.35086
4971,106.44995
4973,113.06746
4975,109.184875
4976,88.73633
4978,93.53093
4979,101.567566
4982,94.97274
4983,114.93016
4984,97.30138
4985,118.86294
4986,101.46598
4987,115.06714
4988,108.22903
4994,97.75361
4995,93.54361
5002,96.803276
5004,103.82643
5005,93.795525
5006,91.46081
5007,101.931625
5009,118.96167
5011,113.06746
5014,99.03943
5015,124.85182
5018,95.12102
5019,100.331566
5020,104.230545
5021,105.379616
5022,102.18446
5023,100.36077
5025,98.5562
5032,113.1398
5034,92.233475
5036,98.72031
5038,84.95714
5039,98.18617
5046,92.722916
5049,100.331566
5051,100.46163
5052,102.949
5053,110.83649
5054,96.56483
5055,95.05455
5057,92.32184
5059,111.81179
5062,103.59929
5063,108.58803
5065,101.17381
5069,99.54925
5071,93.91576
5074,104.05139
5075,101.65695
5076,100.95123
5077,89.42443
5079,118.40112
5080,90.77238
5081,111.56568
5083,109.98455
5088,101.74123
5089,97.08659
5093,108.32756
5094,95.7944
5095,103.08901
5099,106.79135
5101,107.39971
5103,105.888596
5104,93.803986
5105,105.67356
5107,86.92752
5108,101.27556
5109,95.62102
5111,107.97511
5112,100.69414
5113,93.07315
5114,105.19846
5115,94.471
5118,93.98089
5122,94.489204
5123,92.22832
5125,96.91959
5127,100.51759
5128,99.60273
5129,122.00263
5132,92.810455
5134,89.538086
5135,93.00661
5137,109.08511
5142,94.78932
5143,109.96011
5144,105.85029
5148,97.18502
5149,97.94698
5150,90.20474
5154,90.308525
5155,95.877655
5159,91.96388
5164,93.485504
5165,118.355354
5166,93.32653
5167,109.225365
5169,113.533646
5171,95.843544
5172,106.21837
5176,93.81534
5184,101.170235
5185,92.81863
5186,108.28925
5188,88.94507
5189,111.87772
5190,138.16235
5191,118.355354
5193,106.97368
5196,101.156876
5199,94.49721
5200,108.28982
5203,93.091896
5204,105.310905
5205,131.31874
5207,98.650505
5208,109.538795
5212,104.62734
5214,90.40604
5218,102.48659
5220,108.3142
5222,98.462685
5224,92.55806
5225,100.45249
5227,101.01401
5229,103.10692
5232,97.01888
5233,114.45351
5234,109.61785
5237,110.396
5239,104.91628
5240,107.39217
5241,102.488914
5244,95.85128
5248,110.1191
5251,90.48104
5253,97.38859
5255,107.59123
5256,95.70306
5257,93.98776
5259,104.31358
5260,110.866135
5266,102.08922
5268,93.94897
5275,109.380165
5276,116.15708
5277,106.64574
5279,101.81323
5280,99.025734
5281,98.09211
5283,112.30558
5284,78.08439
5285,93.489426
5286,111.38629
5287,91.38401
5289,99.47253
5290,106.97368
5292,101.03933
5293,86.28036
5294,107.177505
5297,98.522514
5299,98.20925
5302,95.78773
5305,93.055664
5306,107.59123
5308,96.45298
5309,113.60485
5310,108.76553
5312,101.80005
5316,117.86545
5317,94.79415
5319,76.86566
5320,94.49934
5323,97.76096
5329,95.3758
5331,103.84572
5334,111.63335
5336,105.93926
5338,104.84603
5341,105.85486
5345,93.4596
5348,93.939156
5349,106.05114
5355,94.700066
5356,97.84311
5360,111.467476
5362,113.69879
5364,108.47064
5366,93.28874
5367,110.08259
5368,89.02425
5370,94.938156
5371,90.698715
5373,110.36409
5375,110.396
5376,93.091896
5378,108.47064
5379,110.167
5383,95.253365
5384,101.15644
5389,113.21472
5391,80.791176
5393,105.21348
5395,114.13422
5397,115.46612
5398,93.08527
5399,115.93297
5401,118.13423
5402,92.6398
5403,111.32095
5404,95.830086
5407,92.88125
5408,97.26197
5413,102.785576
5414,96.62238
5417,93.0445
5418,101.03933
5420,119.11846
5421,93.244064
5424,92.05868
5425,105.310905
5426,115.024635
5429,111.10113
5431,105.45222
5437,107.32615
5440,91.353455
5444,109.449394
5446,116.5468
5447,89.40229
5451,101.98481
5452,106.35623
5455,109.61785
5456,90.227295
5458,100.09351
5459,102.75304
5460,94.85416
5462,99.58819
5463,106.0903
5464,94.2012
5465,110.99667
5466,99.292885
5467,102.21479
5468,107.61637
5469,105.86923
5472,96.4436
5474,106.79137
5475,106.22549
5476,97.61744
5479,103.10692
5480,111.43045
5482,112.78823
5485,93.59468
5486,126.46544
5488,87.26749
5495,103.10692
5496,111.446236
5497,100.23699
5499,104.6541
5503,102.381065
5504,96.20832
5507,92.12536
5509,106.05514
5511,93.30332
5512,108.725525
5516,118.052826
5517,91.30667
5518,92.48057
5521,92.418
5522,98.86508
5527,85.06233
5528,102.04873
5529,106.51867
5532,98.11552
5533,115.69111
5535,106.82943
5536,102.847404
5540,117.182884
5547,101.62527
5548,100.47486
5550,79.54595
5551,89.967926
5554,108.94063
5555,89.851776
5559,97.623024
5560,96.34556
5561,109.68548
5562,110.30679
5563,116.4751
5565,91.65192
5566,102.40892
5567,99.455154
5568,97.85803
5572,94.800804
5574,97.00118
5576,101.11844
5579,109.07809
5580,91.527664
5581,94.44213
5583,92.80095
5584,114.32696
5586,104.48198
5587,106.02694
5589,102.86967
5591,101.908585
5592,91.9891
5593,109.14874
5594,85.65631
5595,93.74714
5596,113.86482
5597,93.58341
5598,116.576614
5599,95.924286
5602,109.098206
5603,85.65631
5605,89.443
5607,114.11617
5608,107.99992
5609,92.867516
5610,98.11358
5612,97.845535
5613,110.08648
5614,87.001755
5616,97.613235
5621,90.77438
5623,106.27765
5628,115.5209
5629,97.1205
5631,111.373184
5633,96.235794
5638,94.91964
5639,99.67612
5640,98.73239
5645,106.723885
5646,81.40114
5649,100.94804
5653,96.54663
5655,113.18385
5656,94.05247
5658,98.677765
5662,121.59211
5663,93.24348
5667,90.16143
5670,95.924286
5671,99.803955
5672,100.34747
5673,107.36191
5674,95.148315
5675,95.92176
5676,96.41426
5679,116.49666
5683,98.49717
5687,88.00684
5688,87.223816
5690,103.99658
5691,110.74683
5692,88.90028
5693,107.87209
5694,89.17633
5697,111.645584
5698,91.331795
5699,113.86482
5704,98.56898
5707,116.49666
5709,91.39997
5710,94.672966
5714,108.789185
5718,95.13266
5721,94.77959
5723,98.66659
5724,105.90191
5725,95.78047
5726,101.83331
5729,94.17192
5730,92.48057
5731,102.83735
5733,80.98567
5736,102.61094
5741,97.15179
5745,99.6721
5747,96.82843
5748,102.16851
5750,112.66779
5751,105.07788
5752,86.97067
5754,90.76291
5755,97.45623
5757,98.84275
5758,110.89057
5760,104.41169
5762,102.72332
5766,112.42489
5768,94.17192
5769,111.84362
5770,101.69397
5771,104.25114
5772,93.27461
5773,102.61776
5774,97.77721
5776,95.77934
5777,113.86482
5778,106.43092
5780,94.8238
5782,87.03573
5783,76.52814
5784,90.86422
5786,100.308815
5788,100.386826
5789,85.093155
5790,93.04453
5791,100.228424
5793,100.26089
5794,100.75385
5796,115.84534
5797,94.63995
5801,99.2694
5803,88.00684
5804,102.94964
5805,94.01824
5806,88.09772
5808,100.47486
5813,98.56898
5815,94.717285
5816,98.7318
5822,105.02641
5823,113.52025
5825,106.2051
5827,111.3541
5829,99.37003
5830,96.269226
5831,101.07575
5832,94.949455
5833,100.47486
5837,113.55897
5838,94.12477
5839,97.86488
5842,98.73239
5844,105.717995
5845,96.8781
5846,111.2686
5848,80.85783
5850,112.74239
5851,92.03096
5853,94.17192
5854,109.23998
5858,98.73239
5860,112.55211
5864,103.39788
5866,90.35877
5867,116.49666
5868,93.50819
5869,110.963974
5870,91.311066
5871,98.81336
5874,113.18385
5876,111.94558
5877,94.46476
5878,86.490585
5879,99.6721
5880,98.37544
5884,87.00116
5886,114.41005
5890,97.80859
5896,98.6139
5897,106.550186
5898,94.17192
5901,111.00973
5903,114.49449
5906,98.11358
5908,114.94862
5909,89.61945
5910,110.08648
5911,99.99431
5912,111.11762
5914,113.18385
5919,114.29764
5924,88.83628
5926,103.32901
5929,101.9066
5930,98.11805
5932,90.53436
5933,112.20476
5934,99.47282
5935,110.70302
5936,101.900505
5937,102.755165
5938,103.47483
5939,99.50384
5942,102.63094
5943,97.93385
5944,92.83166
5946,115.09108
5951,91.5646
5953,105.652374
5954,98.71356
5957,92.98195
5961,103.48868
5962,92.44314
5964,99.29858
5965,92.29059
5968,113.18385
5969,97.66958
5974,96.74912
5975,89.357475
5978,73.67317
5981,90.23795
5982,91.58257
5983,100.74077
5989,107.88695
5991,97.70436
5992,98.222084
5995,94.355354
5996,104.22073
5997,104.63582
5998,92.10564
5999,90.6401
6001,99.67546
6002,99.98218
6003,101.8059
6004,98.71356
6006,108.16339
6007,92.659096
6011,97.67794
6012,110.95072
6014,100.460655
6015,106.55099
6016,99.88319
6017,110.8892
6018,90.11731
6024,106.51982
6025,102.00198
6026,106.07767
6028,113.74074
6029,94.50565
6030,104.85632
6036,113.18385
6040,93.439835
6041,104.8135
6042,107.23042
6044,101.54468
6045,98.041725
6047,99.40637
6048,92.72982
6049,106.66371
6051,113.91561
6052,99.75317
6053,92.55376
6054,107.208565
6058,101.17806
6059,96.59721
6062,96.72464
6063,113.93041
6064,99.3309
6065,93.439835
6067,98.072235
6068,102.59714
6070,102.1416
6071,90.669174
6072,106.94225
6080,106.94225
6081,99.286415
6084,91.55587
6087,94.2525
6089,86.92418
6092,106.94225
6094,90.644035
6095,114.26417
6097,108.72088
6100,109.86857
6104,110.62517
6105,91.2003
6106,105.93631
6107,82.8163
6108,94.29947
6109,106.94225
6110,99.05777
6114,106.94225
6116,97.25906
6117,98.14631
6118,92.72987
6123,84.166985
6125,112.42729
6128,100.51514
6130,103.9451
6132,106.8294
6137,77.46677
6139,111.75636
6140,94.65157
6141,108.72088
6142,117.84841
6144,105.40001
6145,88.94867
6146,97.86131
6149,105.00362
6156,94.06593
6159,98.61686
6160,94.65157
6162,102.90787
6164,96.42826
6165,98.007515
6168,78.89818
6169,98.953545
6170,101.78813
6171,111.8999
6172,91.214165
6173,110.989235
6176,90.11731
6177,93.55666
6178,94.16551
6180,92.31507
6181,96.69344
6182,102.44627
6185,92.01148
6186,110.04791
6188,108.80598
6189,94.07866
6192,91.55587
6193,97.582054
6194,98.041725
6195,99.13354
6196,115.21232
6197,94.599335
6201,110.25985
6202,108.396225
6203,103.22053
6204,91.5579
6207,121.609535
6209,99.326256
6210,101.065315
6211,100.50534
6213,110.01553
6216,95.83716
6217,88.9656
6219,94.84679
6222,77.28152
6223,97.91033
6235,92.698326
6240,107.00488
6242,91.33286
6247,98.05643
6251,110.412056
6254,110.00763
6255,96.00992
6260,107.54954
6261,100.460655
6262,92.722984
6264,107.52293
6269,113.516
6271,89.8076
6275,103.62177
6276,101.48546
6278,117.07179
6279,98.45513
6281,105.72081
6284,93.33828
6286,104.005844
6287,91.681076
6288,92.91885
6292,101.46993
6293,95.77209
6295,99.96424
6298,105.08652
6300,96.54055
6304,96.69344
6308,108.57459
6310,93.49716
6312,106.94225
6320,100.953
6324,102.6651
6325,113.50453
6330,88.33923
6336,104.04452
6340,85.7259
6341,92.698326
6342,99.79628
6344,100.36875
6345,105.68455
6347,98.953545
6348,93.809364
6349,105.08652
6351,89.46753
6353,105.720795
6354,90.40002
6357,96.10789
6358,101.45133
6360,99.83876
6363,119.35632
6364,93.81449
6368,104.300934
6370,91.73143
6371,92.40355
6377,114.83985
6379,96.8194
6381,95.74174
6382,88.82455
6383,100.08266
6388,107.93179
6390,112.424446
6392,98.39556
6393,93.33888
6395,91.988495
6398,96.81885
6401,89.45087
6402,108.3808
6403,103.70331
6405,104.158066
6406,92.81677
6407,113.072495
6409,98.646324
6411,92.97828
6413,92.43315
6416,98.644646
6417,103.69191
6418,89.07839
6419,119.753555
6420,100.47581
6426,114.71605
6429,104.3602
6430,92.20342
6431,103.70331
6432,94.40123
6434,94.24624
6437,114.10044
6438,90.09877
6439,100.333405
6440,95.07411
6441,90.134026
6442,108.904976
6443,99.88086
6445,97.10258
6448,109.28697
6450,96.28542
6453,92.14942
6455,91.01579
6457,101.168625
6458,95.58359
6461,90.01689
6464,108.994995
6467,91.49367
6469,82.395805
6470,87.2259
6471,97.00269
6473,93.47306
6474,91.69804
6479,90.01689
6481,94.66605
6484,107.480804
6495,92.22185
6496,99.36194
6505,101.87246
6506,92.465096
6508,91.38738
6509,95.88011
6510,98.599205
6512,91.14672
6513,97.47505
6514,111.330444
6515,88.423096
6519,88.95102
6521,101.01076
6523,77.29005
6525,98.74909
6526,93.29395
6528,106.28521
6529,96.93079
6531,115.3263
6533,92.876465
6534,96.97792
6535,110.76948
6536,90.45294
6537,108.18724
6540,111.078705
6541,100.08266
6547,109.537384
6548,92.6834
6551,109.57181
6553,101.670555
6555,90.330864
6556,92.811295
6561,76.8954
6564,92.03618
6565,110.76948
6568,95.29694
6569,108.904976
6573,81.52402
6574,91.45615
6577,108.486565
6579,115.20121
6581,101.00814
6582,102.82355
6585,102.68225
6586,96.70697
6589,86.658264
6590,74.87001
6593,116.40075
6594,106.753204
6595,95.21936
6599,99.93963
6600,88.38714
6601,91.50719
6602,94.39754
6603,109.28697
6604,92.97994
6607,103.86495
6608,103.06664
6609,97.549446
6611,95.88584
6613,108.904976
6614,92.403366
6616,88.938286
6617,108.904976
6618,99.88498
6619,98.69068
6621,90.330864
6627,102.20902
6629,93.95493
6631,80.3376
6634,93.01398
6636,97.70194
6638,95.29694
6639,108.904976
6641,112.08384
6642,92.93832
6651,107.94607
6654,89.61498
6657,93.28673
6663,88.046745
6665,101.19778
6666,99.16482
6668,97.47505
6669,92.71983
6670,91.09151
6671,101.708885
6673,108.3244
6675,89.181885
6676,88.9752
6677,90.64108
6679,91.872185
6680,111.299
6681,98.599205
6685,98.599205
6688,103.84065
6689,95.21936
6690,104.59286
6692,108.904976
6693,95.11664
6694,98.79644
6698,120.66938
6699,93.456955
6700,107.71389
6701,101.168625
6702,111.07143
6704,95.21936
6707,109.074554
6712,109.28697
6713,105.804115
6715,102.05765
6721,98.12943
6722,91.84732
6723,109.63594
6724,101.76992
6725,125.35069
6731,109.63594
6735,98.52983
6736,93.985825
6737,127.490135
6738,108.35399
6739,95.432945
6741,84.40972
6743,100.32674
6745,97.47505
6747,114.22125
6749,97.57941
6750,106.37039
6751,110.02985
6752,106.973495
6753,108.904976
6755,112.10254
6756,101.901085
6757,103.36126
6759,106.96781
6761,94.55696
6763,97.00269
6764,118.84716
6765,103.483826
6766,109.178894
6768,105.06624
6771,95.21936
6773,89.87405
6774,100.98683
6778,94.11828
6779,101.23048
6781,101.242256
6784,91.51451
6786,97.62517
6787,90.83088
6790,121.9497
6793,105.78015
6795,108.62201
6798,105.98682
6806,93.106255
6807,96.76058
6810,100.14309
6815,117.32554
6816,95.071594
6817,96.10528
6818,91.89313
6819,100.639046
6820,101.0407
6822,97.60713
6823,113.76651
6824,99.2579
6825,92.83631
6828,78.39005
6829,113.84449
6831,101.01891
6832,91.29462
6833,106.29071
6834,95.13323
6836,96.298546
6837,111.34078
6838,95.30423
6840,95.58233
6843,90.17464
6845,98.35079
6846,90.602806
6847,106.26287
6851,112.37977
6852,108.219
6853,92.28094
6858,113.62336
6861,94.940414
6863,93.327614
6864,90.69206
6865,95.127365
6866,111.33278
6867,102.96344
6868,98.082016
6869,92.73372
6870,99.2579
6874,113.564156
6875,92.40732
6877,103.93624
6878,117.3559
6880,96.412155
6883,102.97683
6884,93.32428
6886,93.783806
6890,86.27692
6893,105.11031
6894,100.07971
6899,103.93624
6900,96.122604
6904,103.59082
6905,113.84674
6906,93.455055
6910,93.57401
6912,98.81167
6913,119.757126
6920,108.44214
6922,108.55274
6923,108.62201
6926,99.83796
6927,106.43112
6928,99.05399
6931,117.77232
6933,97.89993
6936,98.83548
6937,112.94142
6939,97.7648
6941,107.068924
6942,103.26135
6943,91.54471
6944,94.34956
6945,96.31832
6946,99.88059
6947,117.82788
6949,99.69757
6951,99.49975
6953,102.019424
6954,112.62159
6955,102.37128
6963,103.95803
6964,97.619606
6966,94.40439
6968,91.47702
6970,97.61439
6972,106.15584
6976,110.41896
6978,111.33278
6981,94.89253
6985,103.9896
6986,92.587944
6987,117.33691
6989,94.44941
6991,113.76651
6993,89.18246
6994,98.7008
6995,109.707596
6996,91.86563
6997,120.57712
6998,97.64999
7001,99.91045
7003,115.06658
7006,94.37245
7008,91.807724
7010,92.0405
7011,98.511635
7012,97.27404
7013,100.68327
7014,107.72905
7017,105.09967
7018,99.39008
7019,98.35079
7023,96.26158
7024,87.87426
7025,91.67941
7026,103.08378
7027,89.97117
7028,82.367386
7030,108.62201
7031,98.7854
7033,113.43223
7036,95.58811
7037,89.60831
7039,95.626915
7044,91.9117
7045,111.34078
7046,93.888756
7049,97.42712
7050,93.49508
7051,97.61439
7054,104.545235
7055,88.24443
7057,98.277306
7060,103.93624
7061,91.80814
7063,91.80818
7064,108.368454
7067,96.412155
7071,103.66219
7074,92.40366
7075,96.89652
7078,111.34078
7079,94.67223
7080,92.36591
7081,91.146545
7082,111.077484
7083,100.93567
7085,95.13215
7092,100.639046
7094,98.448616
7100,108.78495
7101,117.06893
7102,111.33278
7104,104.12936
7105,91.80814
7106,97.494225
7107,101.26804
7108,79.369705
7109,95.278496
7110,112.94142
7112,99.070114
7113,98.3167
7114,111.27215
7116,113.5049
7117,98.3031
7118,118.825005
7120,93.93068
7121,101.971275
7123,98.13362
7124,98.029236
7127,106.55494
7131,98.13362
7132,91.89313
7133,91.90608
7134,107.31085
7135,103.63019
7136,102.52596
7137,92.44923
7141,104.10418
7144,100.52301
7147,105.791756
7148,95.85487
7150,101.96753
7151,93.93068
7152,92.73918
7154,99.254684
7156,88.306046
7157,112.4953
7159,115.60721
7161,86.00746
7163,98.84899
7164,107.04266
7167,81.20054
7169,117.116806
7170,104.5969
7173,101.07101
7174,96.64044
7177,111.96194
7178,102.66636
7179,106.425
7180,99.97527
7181,99.09379
7182,86.593765
7184,99.08781
7185,121.78332
7186,91.72705
7187,113.03192
7188,87.442604
7189,105.651184
7191,94.11375
7193,99.91045
7197,101.060646
7199,99.68692
7200,111.077484
7201,103.63019
7204,92.993546
7207,97.36255
7209,93.327614
7210,96.23786
7211,98.832596
7213,109.55409
7214,120.57712
7216,120.57712
7217,97.67774
7220,108.85897
7224,108.62201
7225,95.078545
7226,120.57712
7227,101.86874
7234,121.78332
7236,100.00441
7239,112.019005
7240,112.30212
7242,115.0882
7244,105.950005
7245,98.97815
7247,94.68721
7248,87.01073
7249,118.35179
7250,102.613205
7251,107.07531
7252,104.53801
7253,95.03262
7256,101.004845
7260,94.92211
7261,122.84595
7264,102.71458
7269,100.0231
7270,101.955864
7273,103.924194
7279,90.24711
7281,97.614586
7284,107.14709
7285,104.17363
7286,119.40731
7287,92.71067
7289,97.785965
7292,91.98642
7293,108.85772
7296,109.26045
7297,112.96602
7298,109.69577
7299,113.198586
7301,102.8958
7304,115.14526
7306,107.520966
7308,97.785965
7309,94.7803
7312,93.17541
7313,95.03262
7314,99.62558
7316,97.80147
7319,109.36491
7321,111.835335
7323,92.28808
7324,94.15526
7325,94.55335
7328,87.10099
7330,92.910675
7334,94.55335
7337,113.35579
7338,106.16736
7339,91.3891
7341,101.72145
7342,113.35579
7344,94.45109
7345,109.65376
7347,104.48711
7349,97.614586
7350,100.83745
7353,117.411674
7355,100.58171
7356,95.68771
7357,111.57692
7358,99.968735
7360,91.84731
7363,94.42335
7364,95.48216
7366,95.035034
7368,93.23114
7369,101.95538
7370,95.74077
7373,93.6117
7374,96.67931
7375,92.94176
7377,113.263535
7379,101.827805
7380,113.94411
7382,100.62062
7383,92.48361
7385,104.91702
7386,90.96577
7391,92.7016
7394,100.85234
7396,102.613205
7397,88.026
7399,113.263535
7400,97.96794
7403,96.26364
7405,114.44241
7408,91.74824
7414,88.740326
7416,88.574356
7417,106.69426
7419,89.05452
7420,100.957924
7421,90.0429
7422,93.28288
7423,85.69982
7425,71.794365
7430,98.06577
7432,97.40612
7433,107.1552
7434,108.89698
7436,107.94418
7437,87.90256
7438,102.60815
7440,94.47102
7441,97.61644
7442,106.142105
7445,95.3392
7446,90.672455
7448,122.143555
7450,95.3657
7451,101.16441
7454,104.69082
7455,90.638374
7457,98.37287
7459,82.56843
7462,94.21954
7464,101.16441
7465,99.16386
7466,102.91325
7467,107.43205
7469,110.00384
7472,91.8234
7473,103.112816
7479,94.55335
7480,100.10614
7484,100.07218
7491,116.23924
7494,102.7268
7495,93.36324
7501,136.98967
7503,96.00632
7504,98.828476
7505,94.380585
7508,111.33421
7509,86.302376
7510,95.03262
7511,100.338326
7515,92.30207
7516,100.771645
7517,91.69141
7518,94.23864
7519,101.99619
7521,97.40612
7522,93.048355
7524,109.86468
7526,97.36497
7527,89.589676
7528,100.01777
7529,98.946556
7534,101.62761
7537,105.92299
7538,100.36664
7540,103.12709
7541,109.74434
7545,96.35463
7551,115.68864
7553,114.13265
7554,104.632
7555,103.55007
7561,113.55164
7562,88.81153
7564,94.52617
7565,94.47102
7566,97.38319
7567,105.87163
7569,94.35512
7570,88.49445
7571,104.31989
7572,110.226425
7574,102.314865
7578,112.62637
7579,86.92531
7586,98.142715
7587,96.387085
7590,98.16261
7593,103.112816
7594,116.238594
7595,97.38319
7600,90.86429
7601,93.230545
7602,99.758995
7603,101.08298
7604,90.85152
7606,106.83179
7608,113.762924
7613,78.0756
7615,105.233116
7616,103.50243
7617,107.262474
7618,89.589676
7619,96.65494
7622,114.36142
7623,101.19804
7624,97.10609
7625,98.32334
7626,105.82487
7627,98.90234
7628,83.61945
7631,100.27629
7632,97.065414
7633,95.31791
7634,116.04677
7635,104.06865
7636,113.35579
7637,113.35579
7639,94.81709
7640,87.67833
7644,108.43662
7645,96.8391
7648,94.424805
7649,98.899956
7650,96.653564
7652,99.16386
7653,94.90458
7655,94.847084
7659,114.896286
7662,94.65539
7664,101.79531
7666,108.918976
7668,97.25749
7669,111.04932
7670,110.35988
7672,102.65913
7673,101.170235
7678,97.90642
7679,85.899605
7680,91.52297
7683,98.10133
7685,119.40731
7688,97.255936
7690,100.33587
7692,103.99245
7693,92.01265
7695,113.35579
7696,93.83546
7698,93.19684
7699,110.14678
7702,102.082504
7703,113.35579
7704,98.42392
7707,100.338326
7713,91.408195
7715,116.187004
7717,116.841385
7718,107.07115
7719,111.242836
7721,110.46917
7722,92.96193
7725,98.181206
7727,108.376785
7730,92.00289
7733,110.15421
7735,98.75175
7740,111.14848
7741,106.00723
7742,101.10285
7744,107.97549
7747,97.570786
7750,76.14864
7752,101.97519
7754,109.534355
7756,106.34403
7757,104.24179
7758,96.33034
7760,90.54007
7761,100.21712
7763,113.674614
7765,94.06087
7767,111.14848
7768,103.77934
7771,100.881615
7773,93.241425
7774,90.7211
7776,102.450294
7779,101.65012
7783,99.97709
7786,105.632545
7787,109.45741
7789,99.079285
7791,95.4225
7793,98.02805
7794,96.93356
7795,91.546844
7799,98.612434
7800,98.66686
7802,99.35196
7805,92.8429
7807,94.35512
7808,95.491066
7811,99.84762
7817,102.94494
7818,98.99599
7819,99.34717
7822,94.397
7823,108.89256
7825,100.998505
7828,103.29784
7832,103.437416
7833,92.73118
7834,103.78448
7835,101.44393
7837,97.03501
7840,99.12747
7842,102.02486
7843,100.5656
7844,107.43417
7846,100.21712
7850,94.80823
7853,104.58189
7855,111.33374
7858,100.0454
7863,104.495026
7865,105.160164
7866,104.03493
7868,93.705246
7869,113.05082
7871,93.73404
7872,71.034935
7874,103.4234
7877,114.0669
7878,94.05423
7879,115.05312
7881,91.47389
7883,97.854355
7885,96.9397
7886,101.53594
7889,98.02335
7890,103.44139
7891,109.17426
7893,104.5142
7894,98.983
7896,101.97211
7898,103.41198
7901,98.213936
7902,104.48711
7904,104.28145
7905,96.66656
7906,101.29097
7909,99.19131
7910,100.58406
7913,94.87382
7918,99.40745
7919,103.44802
7923,96.87422
7925,101.02879
7927,96.42388
7930,96.14788
7932,92.90832
7933,104.150276
7935,109.61181
7939,75.9081
7942,104.51141
7943,101.86777
7945,97.89678
7946,91.79944
7948,101.07724
7949,105.316055
7950,102.819466
7951,111.14848
7955,96.64757
7959,97.49419
7960,111.14848
7961,108.18398
7962,106.011665
7964,101.90372
7965,91.40176
7966,101.072876
7967,114.04699
7968,93.26417
7971,112.55764
7974,103.44802
7976,106.04045
7978,107.78479
7982,111.14848
7983,100.75801
7984,99.69719
7986,99.708595
7989,105.316055
7991,104.48711
7992,106.891594
7993,106.561485
7994,102.397095
7995,103.437416
7997,90.128174
7998,99.69719
7999,102.94494
8002,103.785904
8007,105.41365
8009,100.293304
8011,108.38323
8013,102.86467
8015,97.17682
8017,107.6152
8019,119.14879
8023,97.95663
8024,111.14848
8026,106.473274
8027,103.63326
8029,111.77923
8030,116.07366
8031,107.30187
8033,114.66119
8035,89.442635
8036,74.29467
8039,108.981476
8042,93.949394
8044,97.28379
8046,96.09029
8048,104.7124
8049,96.66656
8050,97.02163
8053,98.23711
8054,97.16945
8059,93.59682
8061,95.934715
8062,103.06021
8064,102.097855
8066,96.88873
8067,99.261986
8068,98.33669
8070,97.66057
8071,101.96102
8072,108.339355
8076,111.23102
8080,93.40341
8081,102.79948
8084,104.19846
8087,95.12563
8089,97.14699
8090,115.254295
8091,97.30797
8094,107.35288
8100,124.23915
8101,93.585495
8110,97.49726
8111,104.48711
8112,101.32324
8115,98.229744
8116,98.432205
8118,102.097855
8121,121.30161
8125,114.030136
8127,107.89586
8128,108.82123
8129,105.6503
8131,93.37131
8138,90.341156
8139,92.46226
8140,91.81425
8141,93.241425
8142,114.33544
8143,111.10853
8145,106.473274
8146,106.706856
8148,97.961914
8153,104.217155
8154,93.94383
8155,100.42387
8161,104.30945
8162,111.46785
8163,85.34918
8166,109.40474
8168,105.30403
8170,97.608826
8172,104.51498
8173,103.98973
8176,102.15247
8179,95.29244
8181,88.944496
8182,114.12154
8184,108.87072
8190,92.972084
8191,91.80204
8194,100.28839
8196,102.29988
8198,108.63734
8199,115.19262
8201,95.651825
8202,85.54785
8207,93.43528
8208,108.30302
8211,117.22979
8214,100.804436
8217,98.612564
8218,101.50404
8222,101.95194
8229,105.23673
8231,101.83404
8233,101.28416
8236,90.57795
8238,108.91808
8240,104.229294
8243,109.83364
8246,90.50907
8250,100.924446
8254,88.8958
8256,87.36864
8257,101.81549
8258,97.15806
8260,107.38356
8261,97.619835
8263,113.193565
8264,85.19095
8267,110.36824
8268,95.43895
8271,93.562164
8272,108.30302
8275,103.01304
8276,103.52482
8277,107.74919
8278,117.16397
8279,95.18997
8280,111.35167
8281,90.03486
8282,97.94224
8287,96.72569
8288,90.84102
8289,108.507614
8294,98.98892
8296,112.67305
8299,93.62178
8302,103.66303
8308,108.72492
8314,111.74712
8315,104.34483
8316,108.44924
8317,100.69695
8319,111.64603
8320,88.16171
8321,118.384445
8323,103.572556
8325,102.65986
8326,104.14384
8328,110.87904
8330,100.99452
8331,116.65271
8332,102.10794
8334,88.34813
8338,89.977585
8339,93.168304
8341,99.24121
8345,111.33561
8346,97.184906
8347,115.88786
8349,95.94385
8351,101.619644
8352,107.25079
8353,110.87904
8355,108.76351
8358,113.54704
8359,109.736664
8360,107.44241
8361,96.89004
8363,111.08648
8364,105.37103
8365,103.3491
8366,99.730286
8370,110.607475
8372,103.78041
8376,93.15831
8377,96.01126
8379,100.520355
8380,104.93678
8381,109.63358
8386,88.032104
8388,101.42163
8389,99.62503
8391,111.45626
8394,88.8958
8396,117.366135
8398,85.1567
8400,100.827126
8401,116.55026
8404,99.24121
8407,100.99202
8408,98.9968
8409,105.274796
8410,102.505005
8411,102.17395
8413,100.640724
8414,103.74519
8416,91.06749
